INSERT INTO countries (countryId, name, nameCode, phoneCode) VALUES 
(1, 'Mexico', 'MX', 52),
(2, 'Costa Rica', 'CR', 506),
(3, 'United States', 'US', 1);
INSERT INTO states (stateId, name, countryId) VALUES
(1, 'Aguascalientes', 1),
(2, 'Baja California', 1),
(3, 'Baja California Sur', 1),
(4, 'Campeche', 1),
(5, 'Chiapas', 1),
(6, 'Chihuahua', 1),
(7, 'Coahuila', 1),
(8, 'Colima', 1),
(9, 'Durango', 1),
(10, 'Guanajuato', 1),
(11, 'Guerrero', 1),
(12, 'Hidalgo', 1),
(13, 'Jalisco', 1),
(14, 'Mexico', 1),
(15, 'Michoacan', 1),
(16, 'Morelos', 1),
(17, 'Nayarit', 1),
(18, 'Nuevo Leon', 1),
(19, 'Oaxaca', 1),
(20, 'Puebla', 1),
(21, 'Queretaro', 1),
(22, 'Quintana Roo', 1),
(23, 'San Luis Potosi', 1),
(24, 'Sinaloa', 1),
(25, 'Sonora', 1),
(26, 'Tabasco', 1),
(27, 'Tamaulipas', 1),
(28, 'Tlaxcala', 1),
(29, 'Veracruz', 1),
(30, 'Yucatan', 1),
(31, 'Zacatecas', 1),
(32, 'San Jose', 2),
(33, 'Alajuela', 2),
(34, 'Cartago', 2),
(35, 'Heredia', 2),
(36, 'Guanacaste', 2),
(37, 'Puntarenas', 2),
(38, 'Limon', 2),
(39, 'Alabama', 3),
(40, 'Alaska', 3),
(41, 'Arizona', 3),
(42, 'Arkansas', 3),
(43, 'California', 3),
(44, 'Colorado', 3),
(45, 'Connecticut', 3),
(46, 'Delaware', 3),
(47, 'Florida', 3),
(48, 'Georgia', 3),
(49, 'Hawaii', 3),
(50, 'Idaho', 3),
(51, 'Illinois', 3),
(52, 'Indiana', 3),
(53, 'Iowa', 3),
(54, 'Kansas', 3),
(55, 'Kentucky', 3),
(56, 'Louisiana', 3),
(57, 'Maine', 3),
(58, 'Maryland', 3),
(59, 'Massachusetts', 3),
(60, 'Michigan', 3),
(61, 'Minnesota', 3),
(62, 'Mississippi', 3),
(63, 'Missouri', 3),
(64, 'Montana', 3),
(65, 'Nebraska', 3),
(66, 'Nevada', 3),
(67, 'New Hampshire', 3),
(68, 'New Jersey', 3),
(69, 'New Mexico', 3),
(70, 'New York', 3),
(71, 'North Carolina', 3),
(72, 'North Dakota', 3),
(73, 'Ohio', 3),
(74, 'Oklahoma', 3),
(75, 'Oregon', 3),
(76, 'Pennsylvania', 3),
(77, 'Rhode Island', 3),
(78, 'South Carolina', 3),
(79, 'South Dakota', 3),
(80, 'Tennessee', 3),
(81, 'Texas', 3),
(82, 'Utah', 3),
(83, 'Vermont', 3),
(84, 'Virginia', 3),
(85, 'Washington', 3),
(86, 'West Virginia', 3),
(87, 'Wisconsin', 3),
(88, 'Wyoming', 3);

INSERT INTO cities (cityId, name, stateId) VALUES
(1, 'Mexico City', 14),
(2, 'Guadalajara', 13),
(3, 'Monterrey', 18),
(4, 'Tijuana', 2),
(5, 'Puebla', 20),
(6, 'Ciudad Juarez', 6),
(7, 'Cancun', 22),
(8, 'Hermosillo', 25),
(9, 'Oaxaca de Juarez', 19),
(10, 'San Luis Potosi', 23),
(11, 'San Jose', 32),
(12, 'Alajuela', 33),
(13, 'Cartago', 34),
(14, 'Heredia', 35),
(15, 'Liberia', 36),
(16, 'Puntarenas', 37),
(17, 'Limon', 38);
(18, 'Montgomery', 39),
(19, 'Juneau', 40),
(20, 'Phoenix', 41),
(21, 'Little Rock', 42),
(22, 'Los Angeles', 43),
(23, 'Denver', 44),
(24, 'Hartford', 45),
(25, 'Dover', 46),
(26, 'Tallahassee', 47),
(27, 'Atlanta', 48),
(28, 'Honolulu', 49),
(29, 'Boise', 50),
(30, 'Springfield', 51),
(31, 'Indianapolis', 52),
(32, 'Des Moines', 53),
(33, 'Topeka', 54),
(34, 'Frankfort', 55),
(35, 'Baton Rouge', 56),
(36, 'Augusta', 57),
(37, 'Annapolis', 58),
(38, 'Boston', 59),
(39, 'Lansing', 60),
(40, 'St. Paul', 61),
(41, 'Jackson', 62),
(42, 'Jefferson City', 63),
(43, 'Helena', 64),
(44, 'Lincoln', 65),
(45, 'Carson City', 66),
(46, 'Concord', 67),
(47, 'Trenton', 68),
(48, 'Santa Fe', 69),
(49, 'Albany', 70),
(50, 'Raleigh', 71),
(51, 'Bismarck', 72),
(52, 'Columbus', 73),
(53, 'Oklahoma City', 74),
(54, 'Salem', 75),
(55, 'Harrisburg', 76),
(56, 'Providence', 77),
(57, 'Columbia', 78),
(58, 'Pierre', 79),
(59, 'Nashville', 80),
(60, 'Austin', 81),
(61, 'Salt Lake City', 82),
(62, 'Montpelier', 83),
(63, 'Richmond', 84),
(64, 'Olympia', 85),
(65, 'Charleston', 86),
(66, 'Madison', 87),
(67, 'Cheyenne', 88);
INSERT INTO locations (locationId, latitude, longitude, zipcode, cityId) VALUES
(1, 19.4326, -99.1332, 01000, 1),
(2, 20.6597, -103.3496, 44100, 2),
(3, 25.6866, -100.3161, 64000, 3),
(4, 32.5149, -117.0382, 22000, 4),
(5, 19.0413, -98.2062, 72000, 5),
(6, 31.6904, -106.4245, 32000, 6),
(7, 21.1619, -86.8515, 77500, 7),
(8, 29.0729, -110.9559, 83000, 8),
(9, 17.0654, -96.7236, 68000, 9),
(10, 22.1566, -100.9855, 78000, 10),
(11, 9.9281, -84.0907, 10101, 11),
(12, 10.0211, -84.2111, 20101, 12),
(13, 9.8626, -83.9210, 30101, 13),
(14, 10.0020, -84.1179, 40101, 14),
(15, 10.6340, -85.4408, 50101, 15),
(16, 9.9768, -84.8383, 60101, 16),
(17, 9.9922, -83.0311, 70101, 17),
(18, 34.048927, -111.093735, 85001, 20),
(19, 34.746481, -92.289595, 72201, 21),
(20, 38.581572, -121.494400, 95814, 22),
(21, 39.739236, -104.990251, 80202, 23),
(22, 41.765804, -72.673372, 06103, 24),
(23, 39.158169, -75.524368, 19901, 25),
(24, 30.438118, -84.280938, 32301, 26),
(25, 33.749001, -84.387978, 30303, 27),
(26, 21.307442, -157.857376, 96813, 28),
(27, 43.616002, -116.202311, 83702, 29),
(28, 39.798363, -89.654961, 62704, 30),
(29, 39.768403, -86.158068, 46204, 31),
(30, 41.600545, -93.609106, 50309, 32),
(31, 39.048191, -95.677956, 66603, 33),
(32, 38.186722, -84.875374, 40601, 35),
(33, 30.458283, -91.140320, 70802, 36),
(34, 44.306953, -69.789835, 04330, 37),
(35, 38.978764, -76.491261, 21401, 38),
(36, 42.360081, -71.058884, 02108, 39),
(37, 42.732535, -84.555534, 48933, 40),
(38, 44.952583, -93.152534, 55101, 40),
(39, 32.298756, -90.184807, 39201, 41),
(40, 38.576702, -92.173516, 65101, 42),
(41, 46.595807, -112.027029, 59601, 43),
(42, 40.825763, -96.685198, 68501, 44),
(43, 39.163914, -119.767523, 89701, 45),
(44, 43.208137, -71.537571, 03301, 46),
(45, 40.221741, -74.756138, 08601, 47),
(46, 35.686975, -105.937799, 87501, 48),
(47, 42.652580, -73.757518, 12207, 49),
(48, 35.780430, -78.639099, 27601, 50),
(49, 46.808327, -100.783739, 58501, 51);